feature_id,relevance_scaled,confidence_scaled,agreement,reliability,text_score,condition,llm_runs
F000001,0.75,1.0,1.0,1.0,0.75,real,3
F000002,0.5,1.0,1.0,1.0,0.5,real,3
F000003,0.5,1.0,1.0,1.0,0.5,real,3
F000004,0.5,1.0,1.0,1.0,0.5,real,3
F000005,1.0,1.0,1.0,1.0,1.0,real,3
F000006,1.0,1.0,1.0,1.0,1.0,real,3
F000007,1.0,1.0,1.0,1.0,1.0,real,3
F000008,1.0,1.0,1.0,1.0,1.0,real,3
F000009,0.75,1.0,0.5,0.5,0.625,real,3
F000010,1.0,1.0,1.0,1.0,1.0,real,3
F000011,0.5,1.0,1.0,1.0,0.5,real,3
F000012,0.5,1.0,1.0,1.0,0.5,real,3
F000013,0.75,1.0,1.0,1.0,0.75,real,3
F000014,0.25,1.0,1.0,1.0,0.25,real,3
F000015,1.0,1.0,1.0,1.0,1.0,real,3
F000016,0.75,1.0,1.0,1.0,0.75,real,3
F000017,1.0,1.0,1.0,1.0,1.0,real,3
F000018,0.5,1.0,1.0,1.0,0.5,real,3
F000019,1.0,1.0,1.0,1.0,1.0,real,3
F000020,1.0,1.0,1.0,1.0,1.0,real,3
F000021,1.0,1.0,1.0,1.0,1.0,real,3
F000022,1.0,1.0,1.0,1.0,1.0,real,3
F000023,1.0,1.0,1.0,1.0,1.0,real,3
F000024,1.0,1.0,1.0,1.0,1.0,real,3
F000025,0.75,1.0,0.5,0.5,0.625,real,3
F000026,1.0,1.0,1.0,1.0,1.0,real,3
F000027,1.0,1.0,1.0,1.0,1.0,real,3
F000028,0.75,1.0,0.5,0.5,0.625,real,3
F000029,0.75,1.0,1.0,1.0,0.75,real,3
F000030,0.75,1.0,1.0,1.0,0.75,real,3
F000031,0.75,1.0,1.0,1.0,0.75,real,3
F000032,0.75,1.0,1.0,1.0,0.75,real,3
F000033,0.5,1.0,1.0,1.0,0.5,real,3
F000034,0.75,1.0,1.0,1.0,0.75,real,3
F000035,0.5,1.0,1.0,1.0,0.5,real,3
F000036,0.5,1.0,1.0,1.0,0.5,real,3
F000037,0.5,1.0,1.0,1.0,0.5,real,3
F000038,0.5,1.0,1.0,1.0,0.5,real,3
F000039,0.5,1.0,1.0,1.0,0.5,real,3
F000040,0.5,1.0,1.0,1.0,0.5,real,3
F000041,0.5,1.0,1.0,1.0,0.5,real,3
F000042,0.5,1.0,1.0,1.0,0.5,real,3
F000043,0.75,1.0,1.0,1.0,0.75,real,3
F000044,0.5,1.0,1.0,1.0,0.5,real,3
F000045,0.5,1.0,1.0,1.0,0.5,real,3
F000046,0.5,1.0,1.0,1.0,0.5,real,3
F000047,0.75,1.0,1.0,1.0,0.75,real,3
F000048,0.5,1.0,1.0,1.0,0.5,real,3
F000049,0.75,1.0,1.0,1.0,0.75,real,3
F000050,0.5,1.0,1.0,1.0,0.5,real,3
F000051,0.5,1.0,1.0,1.0,0.5,real,3
F000052,0.75,1.0,1.0,1.0,0.75,real,3
F000053,0.5,1.0,1.0,1.0,0.5,real,3
F000054,0.5,1.0,1.0,1.0,0.5,real,3
F000055,0.5,1.0,1.0,1.0,0.5,real,3
F000056,0.75,1.0,1.0,1.0,0.75,real,3
F000057,0.5,1.0,1.0,1.0,0.5,real,3
F000058,0.75,1.0,1.0,1.0,0.75,real,3
F000059,0.5,1.0,1.0,1.0,0.5,real,3
F000060,0.5,1.0,1.0,1.0,0.5,real,3
F000061,0.5,1.0,1.0,1.0,0.5,real,3
F000062,0.25,1.0,1.0,1.0,0.25,real,3
F000063,0.25,1.0,1.0,1.0,0.25,real,3
F000064,0.25,1.0,1.0,1.0,0.25,real,3
F000065,0.25,1.0,1.0,1.0,0.25,real,3
F000066,0.25,1.0,1.0,1.0,0.25,real,3
F000067,0.25,1.0,1.0,1.0,0.25,real,3
F000068,0.25,1.0,1.0,1.0,0.25,real,3
F000069,0.75,1.0,1.0,1.0,0.75,real,3
F000070,0.5,1.0,1.0,1.0,0.5,real,3
F000071,0.5,1.0,1.0,1.0,0.5,real,3
F000072,0.5,1.0,1.0,1.0,0.5,real,3
F000073,0.5,1.0,1.0,1.0,0.5,real,3
F000074,0.75,1.0,1.0,1.0,0.75,real,3
F000075,0.5,1.0,1.0,1.0,0.5,real,3
F000076,0.5,1.0,1.0,1.0,0.5,real,3
F000077,0.75,1.0,1.0,1.0,0.75,real,3
F000078,0.5,1.0,1.0,1.0,0.5,real,3
F000079,0.5,1.0,1.0,1.0,0.5,real,3
F000080,0.5,1.0,1.0,1.0,0.5,real,3
F000081,0.25,1.0,1.0,1.0,0.25,real,3
F000082,0.25,1.0,1.0,1.0,0.25,real,3
F000083,0.25,1.0,1.0,1.0,0.25,real,3
F000084,0.25,1.0,1.0,1.0,0.25,real,3
F000085,0.5,1.0,1.0,1.0,0.5,real,3
F000086,0.25,1.0,1.0,1.0,0.25,real,3
F000087,0.25,1.0,1.0,1.0,0.25,real,3
F000088,0.25,1.0,1.0,1.0,0.25,real,3
F000089,0.25,1.0,1.0,1.0,0.25,real,3
F000090,0.25,1.0,1.0,1.0,0.25,real,3
F000091,0.25,1.0,1.0,1.0,0.25,real,3
F000092,0.25,1.0,1.0,1.0,0.25,real,3
F000093,0.25,1.0,1.0,1.0,0.25,real,3
F000094,0.25,1.0,1.0,1.0,0.25,real,3
F000095,0.5,1.0,1.0,1.0,0.5,real,3
F000096,0.75,1.0,1.0,1.0,0.75,real,3
F000097,0.5,1.0,1.0,1.0,0.5,real,3
F000098,0.5,1.0,1.0,1.0,0.5,real,3
F000099,0.5,1.0,1.0,1.0,0.5,real,3
F000100,0.25,1.0,1.0,1.0,0.25,real,3
F000101,0.25,1.0,1.0,1.0,0.25,real,3
F000102,0.5,1.0,1.0,1.0,0.5,real,3
F000103,0.5,1.0,1.0,1.0,0.5,real,3
F000104,0.5,1.0,1.0,1.0,0.5,real,3
F000105,0.5,1.0,1.0,1.0,0.5,real,3
F000106,0.25,1.0,1.0,1.0,0.25,real,3
F000107,0.25,1.0,1.0,1.0,0.25,real,3
F000108,0.25,1.0,1.0,1.0,0.25,real,3
F000109,0.25,1.0,1.0,1.0,0.25,real,3
F000110,0.5,1.0,1.0,1.0,0.5,real,3
F000111,0.25,1.0,1.0,1.0,0.25,real,3
F000112,0.5,1.0,1.0,1.0,0.5,real,3
F000113,0.5,1.0,1.0,1.0,0.5,real,3
F000114,0.5,1.0,1.0,1.0,0.5,real,3
F000115,0.25,1.0,1.0,1.0,0.25,real,3
F000116,0.5,1.0,1.0,1.0,0.5,real,3
F000117,0.25,1.0,1.0,1.0,0.25,real,3
F000118,0.5,1.0,1.0,1.0,0.5,real,3
F000119,0.25,1.0,1.0,1.0,0.25,real,3
F000120,0.25,1.0,1.0,1.0,0.25,real,3
F000121,0.5,1.0,1.0,1.0,0.5,real,3
F000122,0.25,1.0,1.0,1.0,0.25,real,3
F000123,0.25,1.0,1.0,1.0,0.25,real,3
F000124,0.25,1.0,1.0,1.0,0.25,real,3
F000125,0.5,1.0,1.0,1.0,0.5,real,3
F000126,0.25,1.0,1.0,1.0,0.25,real,3
F000127,0.25,1.0,1.0,1.0,0.25,real,3
F000128,0.25,1.0,1.0,1.0,0.25,real,3
F000129,0.25,1.0,1.0,1.0,0.25,real,3
F000130,0.25,1.0,1.0,1.0,0.25,real,3
F000131,0.25,1.0,1.0,1.0,0.25,real,3
F000132,0.25,1.0,1.0,1.0,0.25,real,3
F000133,0.25,1.0,1.0,1.0,0.25,real,3
F000134,0.5,1.0,1.0,1.0,0.5,real,3
F000135,0.25,1.0,1.0,1.0,0.25,real,3
F000136,0.25,1.0,1.0,1.0,0.25,real,3
F000137,0.75,1.0,1.0,1.0,0.75,real,3
F000138,0.5,1.0,1.0,1.0,0.5,real,3
F000139,0.5,1.0,1.0,1.0,0.5,real,3
F000140,0.5,1.0,1.0,1.0,0.5,real,3
F000141,0.25,1.0,1.0,1.0,0.25,real,3
F000142,0.5,1.0,1.0,1.0,0.5,real,3
F000143,0.75,1.0,1.0,1.0,0.75,real,3
F000144,0.5,1.0,1.0,1.0,0.5,real,3
F000145,0.75,1.0,1.0,1.0,0.75,real,3
F000146,0.5,1.0,0.5,0.5,0.5,real,3
F000147,0.25,1.0,1.0,1.0,0.25,real,3
F000148,0.25,1.0,1.0,1.0,0.25,real,3
F000149,0.25,1.0,1.0,1.0,0.25,real,3
F000150,0.25,1.0,1.0,1.0,0.25,real,3
F000151,0.5,1.0,1.0,1.0,0.5,real,3
F000152,0.25,1.0,1.0,1.0,0.25,real,3
F000153,0.25,1.0,1.0,1.0,0.25,real,3
F000154,0.25,1.0,1.0,1.0,0.25,real,3
F000155,0.25,1.0,1.0,1.0,0.25,real,3
F000156,0.5,1.0,1.0,1.0,0.5,real,3
F000157,0.5,1.0,1.0,1.0,0.5,real,3
F000158,0.75,1.0,1.0,1.0,0.75,real,3
F000159,0.5,1.0,1.0,1.0,0.5,real,3
F000160,0.5,1.0,1.0,1.0,0.5,real,3
F000161,0.25,1.0,1.0,1.0,0.25,real,3
F000162,0.5,1.0,1.0,1.0,0.5,real,3
F000163,0.5,1.0,1.0,1.0,0.5,real,3
F000164,0.5,1.0,1.0,1.0,0.5,real,3
F000165,0.5,1.0,1.0,1.0,0.5,real,3
F000166,0.5,1.0,1.0,1.0,0.5,real,3
F000167,0.5,1.0,1.0,1.0,0.5,real,3
F000168,0.5,1.0,1.0,1.0,0.5,real,3
F000169,0.25,1.0,1.0,1.0,0.25,real,3
F000170,0.25,1.0,1.0,1.0,0.25,real,3
F000171,0.5,1.0,1.0,1.0,0.5,real,3
F000172,0.5,1.0,1.0,1.0,0.5,real,3
F000173,0.25,1.0,1.0,1.0,0.25,real,3
F000174,0.25,1.0,1.0,1.0,0.25,real,3
F000175,0.75,1.0,1.0,1.0,0.75,real,3
F000176,0.5,1.0,1.0,1.0,0.5,real,3
F000177,0.5,1.0,1.0,1.0,0.5,real,3
F000178,0.25,1.0,1.0,1.0,0.25,real,3
F000179,1.0,1.0,1.0,1.0,1.0,real,3
F000180,0.5,1.0,1.0,1.0,0.5,real,3
F000181,0.5,1.0,1.0,1.0,0.5,real,3
F000182,0.5,1.0,1.0,1.0,0.5,real,3
F000183,0.5,1.0,1.0,1.0,0.5,real,3
F000184,0.75,1.0,1.0,1.0,0.75,real,3
F000185,0.25,1.0,1.0,1.0,0.25,real,3
F000186,0.25,1.0,1.0,1.0,0.25,real,3
F000187,0.25,1.0,1.0,1.0,0.25,real,3
F000188,0.5,1.0,1.0,1.0,0.5,real,3
F000189,0.5,1.0,1.0,1.0,0.5,real,3
F000190,0.25,1.0,1.0,1.0,0.25,real,3
F000191,0.25,1.0,1.0,1.0,0.25,real,3
F000192,0.5,1.0,1.0,1.0,0.5,real,3
F000193,0.75,1.0,1.0,1.0,0.75,real,3
F000194,0.25,1.0,1.0,1.0,0.25,real,3
F000195,0.75,1.0,1.0,1.0,0.75,real,3
F000196,0.5,1.0,1.0,1.0,0.5,real,3
F000197,0.5,1.0,1.0,1.0,0.5,real,3
F000198,0.25,1.0,1.0,1.0,0.25,real,3
F000199,0.5,1.0,1.0,1.0,0.5,real,3
F000200,0.25,1.0,1.0,1.0,0.25,real,3
F000201,0.5,1.0,1.0,1.0,0.5,real,3
F000202,0.5,1.0,1.0,1.0,0.5,real,3
F000203,0.25,1.0,1.0,1.0,0.25,real,3
F000204,0.5,1.0,1.0,1.0,0.5,real,3
F000205,0.5,1.0,1.0,1.0,0.5,real,3
F000206,0.75,1.0,1.0,1.0,0.75,real,3
F000207,0.5,1.0,1.0,1.0,0.5,real,3
F000208,0.5,1.0,1.0,1.0,0.5,real,3
F000209,0.25,1.0,1.0,1.0,0.25,real,3
F000210,0.5,1.0,0.5,0.5,0.5,real,3
F000211,0.5,1.0,1.0,1.0,0.5,real,3
F000212,0.75,1.0,1.0,1.0,0.75,real,3
F000213,0.5,1.0,1.0,1.0,0.5,real,3
F000214,0.5,1.0,1.0,1.0,0.5,real,3
F000215,0.5,1.0,1.0,1.0,0.5,real,3
F000216,0.5,1.0,1.0,1.0,0.5,real,3
F000217,0.25,1.0,1.0,1.0,0.25,real,3
F000218,0.5,1.0,1.0,1.0,0.5,real,3
F000219,0.5,1.0,0.5,0.5,0.5,real,3
F000220,0.25,1.0,1.0,1.0,0.25,real,3
F000221,0.5,1.0,1.0,1.0,0.5,real,3
F000222,0.5,1.0,1.0,1.0,0.5,real,3
F000223,0.5,1.0,1.0,1.0,0.5,real,3
F000224,0.5,1.0,1.0,1.0,0.5,real,3
F000225,0.5,1.0,1.0,1.0,0.5,real,3
F000226,0.25,1.0,1.0,1.0,0.25,real,3
F000227,0.5,1.0,1.0,1.0,0.5,real,3
F000228,0.5,1.0,1.0,1.0,0.5,real,3
F000229,0.5,1.0,1.0,1.0,0.5,real,3
F000230,0.5,1.0,1.0,1.0,0.5,real,3
F000231,0.5,1.0,1.0,1.0,0.5,real,3
F000232,0.5,1.0,1.0,1.0,0.5,real,3
F000233,0.25,1.0,1.0,1.0,0.25,real,3
F000234,0.25,1.0,1.0,1.0,0.25,real,3
F000235,0.25,1.0,1.0,1.0,0.25,real,3
F000236,0.25,1.0,1.0,1.0,0.25,real,3
F000237,0.5,1.0,1.0,1.0,0.5,real,3
F000238,0.25,1.0,1.0,1.0,0.25,real,3
F000239,0.25,1.0,1.0,1.0,0.25,real,3
F000240,0.25,1.0,1.0,1.0,0.25,real,3
F000241,0.25,1.0,1.0,1.0,0.25,real,3
F000242,0.25,1.0,1.0,1.0,0.25,real,3
F000243,0.25,1.0,1.0,1.0,0.25,real,3
F000244,0.25,1.0,1.0,1.0,0.25,real,3
F000245,0.5,1.0,1.0,1.0,0.5,real,3
F000246,0.5,1.0,1.0,1.0,0.5,real,3
F000247,0.5,1.0,1.0,1.0,0.5,real,3
F000248,0.5,1.0,1.0,1.0,0.5,real,3
F000249,0.5,1.0,1.0,1.0,0.5,real,3
F000250,0.5,1.0,1.0,1.0,0.5,real,3
F000251,0.5,1.0,1.0,1.0,0.5,real,3
F000252,0.5,1.0,1.0,1.0,0.5,real,3
F000253,0.5,1.0,1.0,1.0,0.5,real,3
F000254,0.5,1.0,1.0,1.0,0.5,real,3
F000255,0.5,1.0,1.0,1.0,0.5,real,3
F000256,0.5,1.0,1.0,1.0,0.5,real,3
F000257,0.5,1.0,1.0,1.0,0.5,real,3
F000258,1.0,1.0,1.0,1.0,1.0,real,3
F000259,0.5,1.0,1.0,1.0,0.5,real,3
F000260,0.5,1.0,1.0,1.0,0.5,real,3
F000261,0.5,1.0,1.0,1.0,0.5,real,3
F000262,0.5,1.0,1.0,1.0,0.5,real,3
F000263,0.5,1.0,1.0,1.0,0.5,real,3
F000264,0.5,1.0,1.0,1.0,0.5,real,3
F000265,0.5,1.0,1.0,1.0,0.5,real,3
F000266,0.75,1.0,1.0,1.0,0.75,real,3
F000267,0.5,1.0,1.0,1.0,0.5,real,3
F000268,0.5,1.0,1.0,1.0,0.5,real,3
F000269,0.5,1.0,1.0,1.0,0.5,real,3
F000270,0.5,1.0,1.0,1.0,0.5,real,3
F000271,0.5,1.0,1.0,1.0,0.5,real,3
F000272,0.5,1.0,1.0,1.0,0.5,real,3
F000273,0.25,1.0,1.0,1.0,0.25,real,3
F000274,0.5,1.0,1.0,1.0,0.5,real,3
F000275,0.25,1.0,1.0,1.0,0.25,real,3
F000276,0.25,1.0,1.0,1.0,0.25,real,3
F000277,0.5,1.0,1.0,1.0,0.5,real,3
F000278,0.5,1.0,1.0,1.0,0.5,real,3
F000279,0.5,1.0,1.0,1.0,0.5,real,3
F000280,0.25,1.0,1.0,1.0,0.25,real,3
F000281,0.25,1.0,1.0,1.0,0.25,real,3
F000282,0.5,1.0,1.0,1.0,0.5,real,3
F000283,0.25,1.0,1.0,1.0,0.25,real,3
F000284,0.25,1.0,1.0,1.0,0.25,real,3
F000285,0.5,1.0,1.0,1.0,0.5,real,3
F000286,0.75,1.0,1.0,1.0,0.75,real,3
F000287,0.5,1.0,1.0,1.0,0.5,real,3
F000288,0.5,1.0,1.0,1.0,0.5,real,3
F000289,0.5,1.0,1.0,1.0,0.5,real,3
F000290,0.5,1.0,1.0,1.0,0.5,real,3
F000291,0.5,1.0,1.0,1.0,0.5,real,3
F000292,0.5,1.0,1.0,1.0,0.5,real,3
F000293,0.5,1.0,1.0,1.0,0.5,real,3
F000294,0.5,1.0,1.0,1.0,0.5,real,3
F000295,0.75,1.0,1.0,1.0,0.75,real,3
F000296,0.5,1.0,1.0,1.0,0.5,real,3
F000297,0.5,1.0,1.0,1.0,0.5,real,3
F000298,0.5,1.0,1.0,1.0,0.5,real,3
F000299,0.25,1.0,1.0,1.0,0.25,real,3
F000300,0.75,1.0,1.0,1.0,0.75,real,3
F000301,0.5,1.0,1.0,1.0,0.5,real,3
F000302,0.5,1.0,1.0,1.0,0.5,real,3
F000303,1.0,1.0,1.0,1.0,1.0,real,3
F000304,0.75,1.0,1.0,1.0,0.75,real,3
F000305,0.5,1.0,1.0,1.0,0.5,real,3
F000306,0.25,1.0,1.0,1.0,0.25,real,3
F000307,0.5,1.0,1.0,1.0,0.5,real,3
F000308,0.25,1.0,1.0,1.0,0.25,real,3
F000309,0.5,1.0,1.0,1.0,0.5,real,3
F000310,0.5,1.0,1.0,1.0,0.5,real,3
F000311,0.5,1.0,1.0,1.0,0.5,real,3
F000312,0.5,1.0,1.0,1.0,0.5,real,3
F000313,0.5,1.0,1.0,1.0,0.5,real,3
F000314,0.25,1.0,1.0,1.0,0.25,real,3
F000315,0.5,1.0,1.0,1.0,0.5,real,3
F000316,0.25,1.0,1.0,1.0,0.25,real,3
F000317,0.5,1.0,1.0,1.0,0.5,real,3
F000318,0.5,1.0,1.0,1.0,0.5,real,3
F000319,0.25,1.0,1.0,1.0,0.25,real,3
F000320,0.25,1.0,1.0,1.0,0.25,real,3
F000321,0.5,1.0,1.0,1.0,0.5,real,3
F000322,0.5,1.0,1.0,1.0,0.5,real,3
F000323,0.5,1.0,1.0,1.0,0.5,real,3
F000324,0.25,1.0,1.0,1.0,0.25,real,3
F000325,0.5,1.0,1.0,1.0,0.5,real,3
F000326,0.25,1.0,1.0,1.0,0.25,real,3
F000327,0.25,1.0,1.0,1.0,0.25,real,3
F000328,0.25,1.0,1.0,1.0,0.25,real,3
F000329,0.25,1.0,1.0,1.0,0.25,real,3
F000330,0.25,1.0,1.0,1.0,0.25,real,3
F000331,0.5,1.0,1.0,1.0,0.5,real,3
F000332,0.25,1.0,1.0,1.0,0.25,real,3
F000333,0.25,1.0,1.0,1.0,0.25,real,3
F000334,0.25,1.0,1.0,1.0,0.25,real,3
F000335,0.25,1.0,1.0,1.0,0.25,real,3
F000336,0.25,1.0,1.0,1.0,0.25,real,3
F000337,0.25,1.0,1.0,1.0,0.25,real,3
F000338,0.25,1.0,1.0,1.0,0.25,real,3
F000339,0.25,1.0,1.0,1.0,0.25,real,3
F000340,0.5,1.0,1.0,1.0,0.5,real,3
F000341,0.5,1.0,1.0,1.0,0.5,real,3
F000342,0.5,1.0,1.0,1.0,0.5,real,3
F000343,0.25,1.0,1.0,1.0,0.25,real,3
F000344,0.5,1.0,1.0,1.0,0.5,real,3
F000345,0.5,1.0,1.0,1.0,0.5,real,3
F000346,0.5,1.0,1.0,1.0,0.5,real,3
F000347,0.5,1.0,1.0,1.0,0.5,real,3
F000348,0.5,1.0,1.0,1.0,0.5,real,3
F000349,0.25,1.0,1.0,1.0,0.25,real,3
F000350,0.5,1.0,1.0,1.0,0.5,real,3
F000351,0.5,1.0,1.0,1.0,0.5,real,3
F000352,0.25,1.0,1.0,1.0,0.25,real,3
F000353,0.25,1.0,1.0,1.0,0.25,real,3
F000354,0.25,1.0,1.0,1.0,0.25,real,3
F000355,0.25,1.0,1.0,1.0,0.25,real,3
F000356,0.25,1.0,1.0,1.0,0.25,real,3
F000357,0.5,1.0,1.0,1.0,0.5,real,3
F000358,0.25,1.0,1.0,1.0,0.25,real,3
F000359,0.25,1.0,1.0,1.0,0.25,real,3
F000360,0.25,1.0,1.0,1.0,0.25,real,3
F000361,0.25,1.0,1.0,1.0,0.25,real,3
F000362,0.25,1.0,1.0,1.0,0.25,real,3
F000363,0.25,1.0,1.0,1.0,0.25,real,3
F000364,0.5,1.0,1.0,1.0,0.5,real,3
F000365,0.5,1.0,1.0,1.0,0.5,real,3
F000366,0.5,1.0,1.0,1.0,0.5,real,3
F000367,0.5,1.0,1.0,1.0,0.5,real,3
F000368,0.5,1.0,1.0,1.0,0.5,real,3
F000369,0.25,1.0,1.0,1.0,0.25,real,3
F000370,0.25,1.0,1.0,1.0,0.25,real,3
F000371,0.25,1.0,1.0,1.0,0.25,real,3
F000372,0.25,1.0,1.0,1.0,0.25,real,3
F000373,0.25,1.0,1.0,1.0,0.25,real,3
F000374,0.25,1.0,1.0,1.0,0.25,real,3
F000375,0.5,1.0,1.0,1.0,0.5,real,3
F000376,0.25,1.0,1.0,1.0,0.25,real,3
F000377,0.25,1.0,1.0,1.0,0.25,real,3
F000378,0.5,1.0,1.0,1.0,0.5,real,3
F000379,0.25,1.0,1.0,1.0,0.25,real,3
F000380,0.5,1.0,1.0,1.0,0.5,real,3
F000381,0.5,1.0,1.0,1.0,0.5,real,3
F000382,0.25,1.0,1.0,1.0,0.25,real,3
F000383,0.25,1.0,1.0,1.0,0.25,real,3
F000384,0.25,1.0,1.0,1.0,0.25,real,3
F000385,0.5,1.0,1.0,1.0,0.5,real,3
F000386,0.25,1.0,1.0,1.0,0.25,real,3
F000387,0.25,1.0,1.0,1.0,0.25,real,3
F000388,0.25,1.0,1.0,1.0,0.25,real,3
F000389,0.25,1.0,1.0,1.0,0.25,real,3
F000390,0.5,1.0,1.0,1.0,0.5,real,3
F000391,0.5,1.0,1.0,1.0,0.5,real,3
F000392,0.5,1.0,1.0,1.0,0.5,real,3
F000393,0.25,1.0,1.0,1.0,0.25,real,3
F000394,0.25,1.0,1.0,1.0,0.25,real,3
F000395,0.5,1.0,1.0,1.0,0.5,real,3
F000396,0.25,1.0,1.0,1.0,0.25,real,3
F000397,0.5,1.0,1.0,1.0,0.5,real,3
F000398,0.25,1.0,1.0,1.0,0.25,real,3
F000399,0.25,1.0,1.0,1.0,0.25,real,3
F000400,0.5,1.0,1.0,1.0,0.5,real,3
F000401,0.75,1.0,1.0,1.0,0.75,real,3
F000402,0.25,1.0,1.0,1.0,0.25,real,3
F000403,0.5,1.0,1.0,1.0,0.5,real,3
F000404,0.25,1.0,1.0,1.0,0.25,real,3
F000405,0.25,1.0,1.0,1.0,0.25,real,3
F000406,0.5,1.0,1.0,1.0,0.5,real,3
F000407,0.25,1.0,1.0,1.0,0.25,real,3
F000408,0.5,1.0,1.0,1.0,0.5,real,3
F000409,0.25,1.0,1.0,1.0,0.25,real,3
F000410,0.5,1.0,1.0,1.0,0.5,real,3
F000411,0.25,1.0,1.0,1.0,0.25,real,3
F000412,0.25,1.0,1.0,1.0,0.25,real,3
F000413,0.25,1.0,1.0,1.0,0.25,real,3
F000414,0.25,1.0,1.0,1.0,0.25,real,3
F000415,0.25,1.0,1.0,1.0,0.25,real,3
F000416,0.25,1.0,1.0,1.0,0.25,real,3
F000417,0.25,1.0,1.0,1.0,0.25,real,3
F000418,0.25,1.0,1.0,1.0,0.25,real,3
F000419,0.25,1.0,1.0,1.0,0.25,real,3
F000420,0.5,1.0,1.0,1.0,0.5,real,3
F000421,0.25,1.0,1.0,1.0,0.25,real,3
F000422,0.25,1.0,1.0,1.0,0.25,real,3
F000423,0.5,1.0,1.0,1.0,0.5,real,3
F000424,0.5,1.0,1.0,1.0,0.5,real,3
F000425,0.75,1.0,1.0,1.0,0.75,real,3
F000426,0.25,1.0,1.0,1.0,0.25,real,3
F000427,0.25,1.0,1.0,1.0,0.25,real,3
F000428,0.25,1.0,1.0,1.0,0.25,real,3
F000429,0.25,1.0,1.0,1.0,0.25,real,3
F000430,0.25,1.0,1.0,1.0,0.25,real,3
F000431,0.5,1.0,1.0,1.0,0.5,real,3
F000432,0.25,1.0,1.0,1.0,0.25,real,3
F000433,0.25,1.0,1.0,1.0,0.25,real,3
F000434,0.25,1.0,1.0,1.0,0.25,real,3
F000435,0.25,1.0,1.0,1.0,0.25,real,3
F000436,0.25,1.0,1.0,1.0,0.25,real,3
F000437,0.5,1.0,1.0,1.0,0.5,real,3
F000438,0.25,1.0,1.0,1.0,0.25,real,3
F000439,0.25,1.0,1.0,1.0,0.25,real,3
F000440,0.25,1.0,1.0,1.0,0.25,real,3
F000441,0.5,1.0,1.0,1.0,0.5,real,3
F000442,0.25,1.0,1.0,1.0,0.25,real,3
F000443,0.25,1.0,1.0,1.0,0.25,real,3
F000444,0.25,1.0,1.0,1.0,0.25,real,3
F000445,0.25,1.0,1.0,1.0,0.25,real,3
F000446,0.5,1.0,1.0,1.0,0.5,real,3
F000447,0.5,1.0,1.0,1.0,0.5,real,3
F000448,0.5,1.0,1.0,1.0,0.5,real,3
F000449,0.25,1.0,1.0,1.0,0.25,real,3
F000450,0.5,1.0,1.0,1.0,0.5,real,3
F000451,0.5,1.0,1.0,1.0,0.5,real,3
F000452,0.25,1.0,1.0,1.0,0.25,real,3
F000453,0.25,1.0,1.0,1.0,0.25,real,3
F000454,0.25,1.0,1.0,1.0,0.25,real,3
F000455,0.25,1.0,1.0,1.0,0.25,real,3
F000456,0.5,1.0,1.0,1.0,0.5,real,3
F000457,0.75,1.0,1.0,1.0,0.75,real,3
F000458,0.25,1.0,1.0,1.0,0.25,real,3
F000459,0.5,1.0,1.0,1.0,0.5,real,3
F000460,0.5,1.0,1.0,1.0,0.5,real,3
F000461,0.25,1.0,1.0,1.0,0.25,real,3
F000462,0.25,1.0,1.0,1.0,0.25,real,3
F000463,0.25,1.0,1.0,1.0,0.25,real,3
F000464,0.25,1.0,1.0,1.0,0.25,real,3
F000465,0.5,1.0,1.0,1.0,0.5,real,3
F000466,0.25,1.0,1.0,1.0,0.25,real,3
F000467,0.25,1.0,1.0,1.0,0.25,real,3
F000468,0.25,1.0,1.0,1.0,0.25,real,3
F000469,0.25,1.0,1.0,1.0,0.25,real,3
F000470,0.25,1.0,1.0,1.0,0.25,real,3
F000471,0.25,1.0,1.0,1.0,0.25,real,3
F000472,0.25,1.0,1.0,1.0,0.25,real,3
F000473,0.25,1.0,1.0,1.0,0.25,real,3
F000474,0.25,1.0,1.0,1.0,0.25,real,3
F000475,0.25,1.0,1.0,1.0,0.25,real,3
F000476,0.25,1.0,1.0,1.0,0.25,real,3
F000477,0.25,1.0,1.0,1.0,0.25,real,3
F000478,0.25,1.0,1.0,1.0,0.25,real,3
F000479,0.25,1.0,1.0,1.0,0.25,real,3
F000480,0.25,1.0,1.0,1.0,0.25,real,3
F000481,0.25,1.0,1.0,1.0,0.25,real,3
F000482,0.25,1.0,1.0,1.0,0.25,real,3
F000483,0.25,1.0,1.0,1.0,0.25,real,3
F000484,0.25,1.0,1.0,1.0,0.25,real,3
F000485,0.25,1.0,1.0,1.0,0.25,real,3
F000486,0.25,1.0,1.0,1.0,0.25,real,3
F000487,0.5,1.0,1.0,1.0,0.5,real,3
F000488,0.5,1.0,1.0,1.0,0.5,real,3
F000489,0.5,1.0,1.0,1.0,0.5,real,3
F000490,0.25,1.0,1.0,1.0,0.25,real,3
F000491,0.5,1.0,1.0,1.0,0.5,real,3
F000492,0.25,1.0,1.0,1.0,0.25,real,3
F000493,0.25,1.0,1.0,1.0,0.25,real,3
F000494,0.5,1.0,1.0,1.0,0.5,real,3
F000495,0.25,1.0,1.0,1.0,0.25,real,3
F000496,0.25,1.0,1.0,1.0,0.25,real,3
F000497,0.25,1.0,1.0,1.0,0.25,real,3
F000498,0.25,1.0,1.0,1.0,0.25,real,3
F000499,0.25,1.0,1.0,1.0,0.25,real,3
F000500,0.5,1.0,1.0,1.0,0.5,real,3
F000501,0.5,1.0,1.0,1.0,0.5,real,3
F000502,0.25,1.0,1.0,1.0,0.25,real,3
F000503,0.25,1.0,1.0,1.0,0.25,real,3
F000504,0.25,1.0,1.0,1.0,0.25,real,3
F000505,0.25,1.0,1.0,1.0,0.25,real,3
F000506,0.25,1.0,1.0,1.0,0.25,real,3
F000507,0.5,1.0,1.0,1.0,0.5,real,3
F000508,0.25,1.0,1.0,1.0,0.25,real,3
F000509,0.25,1.0,1.0,1.0,0.25,real,3
F000510,0.25,1.0,1.0,1.0,0.25,real,3
F000511,0.25,1.0,1.0,1.0,0.25,real,3
F000512,1.0,1.0,1.0,1.0,1.0,real,3
F000513,1.0,1.0,1.0,1.0,1.0,real,3
F000514,0.5,1.0,1.0,1.0,0.5,real,3
F000515,0.25,1.0,1.0,1.0,0.25,real,3
F000516,0.75,1.0,1.0,1.0,0.75,real,3
F000517,0.5,1.0,1.0,1.0,0.5,real,3
F000518,0.75,1.0,1.0,1.0,0.75,real,3
F000519,0.75,1.0,1.0,1.0,0.75,real,3
F000520,0.25,1.0,1.0,1.0,0.25,real,3
F000521,0.25,1.0,1.0,1.0,0.25,real,3
F000522,0.75,1.0,1.0,1.0,0.75,real,3
F000523,0.25,1.0,1.0,1.0,0.25,real,3
F000524,0.5,1.0,1.0,1.0,0.5,real,3
F000525,0.25,1.0,1.0,1.0,0.25,real,3
F000526,0.5,1.0,1.0,1.0,0.5,real,3
F000527,0.25,1.0,1.0,1.0,0.25,real,3
F000528,0.5,1.0,1.0,1.0,0.5,real,3
F000529,0.25,1.0,1.0,1.0,0.25,real,3
F000530,0.25,1.0,1.0,1.0,0.25,real,3
F000531,0.25,1.0,1.0,1.0,0.25,real,3
F000532,0.25,1.0,1.0,1.0,0.25,real,3
F000533,0.25,1.0,1.0,1.0,0.25,real,3
F000534,0.5,1.0,0.5,0.5,0.5,real,3
F000535,0.25,1.0,1.0,1.0,0.25,real,3
F000536,0.5,1.0,1.0,1.0,0.5,real,3
F000537,0.25,1.0,1.0,1.0,0.25,real,3
F000538,0.5,1.0,1.0,1.0,0.5,real,3
F000539,0.5,1.0,1.0,1.0,0.5,real,3
F000540,0.5,1.0,1.0,1.0,0.5,real,3
F000541,0.25,1.0,1.0,1.0,0.25,real,3
F000542,0.25,1.0,1.0,1.0,0.25,real,3
F000543,0.75,1.0,1.0,1.0,0.75,real,3
F000544,0.75,1.0,1.0,1.0,0.75,real,3
F000545,0.5,1.0,1.0,1.0,0.5,real,3
F000546,0.25,1.0,1.0,1.0,0.25,real,3
F000547,0.5,1.0,0.5,0.5,0.5,real,3
F000548,0.25,1.0,1.0,1.0,0.25,real,3
F000549,0.25,1.0,1.0,1.0,0.25,real,3
F000550,0.5,1.0,1.0,1.0,0.5,real,3
F000551,0.5,1.0,1.0,1.0,0.5,real,3
F000552,0.5,1.0,1.0,1.0,0.5,real,3
F000553,0.5,1.0,1.0,1.0,0.5,real,3
F000554,0.25,1.0,1.0,1.0,0.25,real,3
F000555,0.5,1.0,1.0,1.0,0.5,real,3
F000556,0.75,1.0,1.0,1.0,0.75,real,3
F000557,0.75,1.0,1.0,1.0,0.75,real,3
F000558,0.25,1.0,1.0,1.0,0.25,real,3
F000559,0.5,1.0,1.0,1.0,0.5,real,3
F000560,0.5,1.0,1.0,1.0,0.5,real,3
F000561,0.5,1.0,1.0,1.0,0.5,real,3
F000562,0.5,1.0,1.0,1.0,0.5,real,3
F000563,0.25,1.0,1.0,1.0,0.25,real,3
F000564,0.25,1.0,1.0,1.0,0.25,real,3
F000565,0.25,1.0,1.0,1.0,0.25,real,3
F000566,0.5,1.0,1.0,1.0,0.5,real,3
F000567,0.75,1.0,1.0,1.0,0.75,real,3
F000568,0.25,1.0,1.0,1.0,0.25,real,3
F000569,0.5,1.0,1.0,1.0,0.5,real,3
F000570,0.5,1.0,1.0,1.0,0.5,real,3
F000571,0.25,1.0,1.0,1.0,0.25,real,3
F000572,0.5,1.0,1.0,1.0,0.5,real,3
F000573,0.75,1.0,1.0,1.0,0.75,real,3
F000574,0.25,1.0,1.0,1.0,0.25,real,3
F000575,0.25,1.0,1.0,1.0,0.25,real,3
F000576,0.75,1.0,1.0,1.0,0.75,real,3
F000577,0.25,1.0,1.0,1.0,0.25,real,3
F000578,0.5,1.0,1.0,1.0,0.5,real,3
F000579,0.5,1.0,1.0,1.0,0.5,real,3
F000580,0.25,1.0,1.0,1.0,0.25,real,3
F000581,0.5,1.0,1.0,1.0,0.5,real,3
F000582,0.25,1.0,1.0,1.0,0.25,real,3
F000583,1.0,1.0,1.0,1.0,1.0,real,3
F000584,0.25,1.0,1.0,1.0,0.25,real,3
F000585,0.5,1.0,1.0,1.0,0.5,real,3
F000586,0.25,1.0,1.0,1.0,0.25,real,3
F000587,0.25,1.0,1.0,1.0,0.25,real,3
F000588,0.75,1.0,1.0,1.0,0.75,real,3
F000589,0.25,1.0,1.0,1.0,0.25,real,3
F000590,0.5,1.0,1.0,1.0,0.5,real,3
F000591,0.25,1.0,1.0,1.0,0.25,real,3
F000592,0.5,1.0,1.0,1.0,0.5,real,3
F000593,0.25,1.0,1.0,1.0,0.25,real,3
F000594,0.25,1.0,1.0,1.0,0.25,real,3
F000595,0.25,1.0,1.0,1.0,0.25,real,3
F000596,0.5,1.0,1.0,1.0,0.5,real,3
F000597,0.25,1.0,1.0,1.0,0.25,real,3
F000598,0.5,1.0,1.0,1.0,0.5,real,3
F000599,0.5,1.0,1.0,1.0,0.5,real,3
F000600,0.5,1.0,1.0,1.0,0.5,real,3
F000601,0.25,1.0,1.0,1.0,0.25,real,3
F000602,0.5,1.0,1.0,1.0,0.5,real,3
F000603,0.25,1.0,1.0,1.0,0.25,real,3
F000604,0.75,1.0,1.0,1.0,0.75,real,3
F000605,0.25,1.0,1.0,1.0,0.25,real,3
F000606,0.25,1.0,1.0,1.0,0.25,real,3
F000607,0.25,1.0,1.0,1.0,0.25,real,3
F000608,0.25,1.0,1.0,1.0,0.25,real,3
F000609,0.25,1.0,1.0,1.0,0.25,real,3
F000610,0.25,1.0,1.0,1.0,0.25,real,3
F000611,0.25,1.0,1.0,1.0,0.25,real,3
F000612,0.75,1.0,1.0,1.0,0.75,real,3
F000613,0.25,1.0,1.0,1.0,0.25,real,3
F000614,0.5,1.0,1.0,1.0,0.5,real,3
F000615,0.25,1.0,1.0,1.0,0.25,real,3
F000616,0.25,1.0,1.0,1.0,0.25,real,3
F000617,0.25,1.0,1.0,1.0,0.25,real,3
F000618,0.25,1.0,1.0,1.0,0.25,real,3
F000619,0.25,1.0,1.0,1.0,0.25,real,3
F000620,0.5,1.0,1.0,1.0,0.5,real,3
F000621,0.25,1.0,1.0,1.0,0.25,real,3
F000622,0.25,1.0,1.0,1.0,0.25,real,3
F000623,0.5,1.0,1.0,1.0,0.5,real,3
F000624,0.25,1.0,1.0,1.0,0.25,real,3
F000625,0.25,1.0,1.0,1.0,0.25,real,3
F000626,0.5,1.0,1.0,1.0,0.5,real,3
F000627,0.25,1.0,1.0,1.0,0.25,real,3
F000628,0.25,1.0,1.0,1.0,0.25,real,3
F000629,0.75,1.0,1.0,1.0,0.75,real,3
F000630,0.25,1.0,1.0,1.0,0.25,real,3
F000631,0.25,1.0,1.0,1.0,0.25,real,3
F000632,0.25,1.0,1.0,1.0,0.25,real,3
F000633,0.25,1.0,1.0,1.0,0.25,real,3
F000634,0.25,1.0,1.0,1.0,0.25,real,3
F000635,0.25,1.0,1.0,1.0,0.25,real,3
F000636,0.25,1.0,1.0,1.0,0.25,real,3
F000637,0.25,1.0,1.0,1.0,0.25,real,3
F000638,0.5,1.0,1.0,1.0,0.5,real,3
F000639,0.25,1.0,1.0,1.0,0.25,real,3
F000640,0.25,1.0,1.0,1.0,0.25,real,3
F000641,0.25,1.0,1.0,1.0,0.25,real,3
F000642,0.25,1.0,1.0,1.0,0.25,real,3
F000643,0.25,1.0,1.0,1.0,0.25,real,3
F000644,0.25,1.0,1.0,1.0,0.25,real,3
F000645,0.25,1.0,1.0,1.0,0.25,real,3
F000646,0.75,1.0,1.0,1.0,0.75,real,3
F000647,0.5,1.0,1.0,1.0,0.5,real,3
F000648,0.75,1.0,1.0,1.0,0.75,real,3
F000649,0.25,1.0,1.0,1.0,0.25,real,3
F000650,0.25,1.0,1.0,1.0,0.25,real,3
F000651,0.25,1.0,1.0,1.0,0.25,real,3
F000652,0.25,1.0,1.0,1.0,0.25,real,3
F000653,0.75,1.0,1.0,1.0,0.75,real,3
F000654,0.25,1.0,1.0,1.0,0.25,real,3
F000655,0.25,1.0,1.0,1.0,0.25,real,3
F000656,0.25,1.0,1.0,1.0,0.25,real,3
F000657,0.25,1.0,1.0,1.0,0.25,real,3
F000658,0.5,1.0,1.0,1.0,0.5,real,3
F000659,0.75,1.0,1.0,1.0,0.75,real,3
F000660,0.5,1.0,1.0,1.0,0.5,real,3
F000661,0.25,1.0,1.0,1.0,0.25,real,3
F000662,0.25,1.0,1.0,1.0,0.25,real,3
F000663,0.25,1.0,1.0,1.0,0.25,real,3
F000664,0.25,1.0,1.0,1.0,0.25,real,3
F000665,0.5,1.0,1.0,1.0,0.5,real,3
F000666,0.25,1.0,1.0,1.0,0.25,real,3
F000667,0.5,1.0,1.0,1.0,0.5,real,3
F000668,0.25,1.0,1.0,1.0,0.25,real,3
F000669,0.25,1.0,1.0,1.0,0.25,real,3
F000670,0.25,1.0,1.0,1.0,0.25,real,3
F000671,0.25,1.0,1.0,1.0,0.25,real,3
F000672,0.25,1.0,1.0,1.0,0.25,real,3
F000673,0.25,1.0,1.0,1.0,0.25,real,3
F000674,0.25,1.0,1.0,1.0,0.25,real,3
F000675,0.25,1.0,1.0,1.0,0.25,real,3
F000676,0.25,1.0,1.0,1.0,0.25,real,3
F000677,0.25,1.0,1.0,1.0,0.25,real,3
F000678,0.75,1.0,1.0,1.0,0.75,real,3
F000679,0.25,1.0,1.0,1.0,0.25,real,3
F000680,0.75,1.0,1.0,1.0,0.75,real,3
F000681,0.25,1.0,1.0,1.0,0.25,real,3
F000682,0.5,1.0,1.0,1.0,0.5,real,3
F000683,0.25,1.0,1.0,1.0,0.25,real,3
F000684,0.25,1.0,1.0,1.0,0.25,real,3
